{"episode_lengths": [681], "episode_types": ["t"], "initial_reset_timestamp": 1534613852.350267, "timestamps": [1534613854.093864], "episode_rewards": [175.0]}